<?xml version="1.0" encoding="utf-8"?>
<extension version="2.5" type="plugin" group="system" method="upgrade">
	<name>System - Clothes Fitting for Joomshopping</name>
	<author>Andrey Miasoedov</author>
	<creationDate>July 2019</creationDate>
	<copyright></copyright>
	<authorEmail>molotow11@gmail.com</authorEmail>
	<authorUrl></authorUrl>
	<version>1.0.1</version>
	<license>http://www.gnu.org/licenses/gpl-2.0.html GNU/GPL</license>
	<description></description>
	<files>
		<folder>models</folder>
		<folder>templates</folder>
		<filename plugin="joomshopping_clothes_fitting">joomshopping_clothes_fitting.php</filename>
		<filename>index.html</filename>
	</files>
</extension>
